Name (NIST),TepA2,TepA3,TepA4,TepA5,TepA6,TepA7,TepA8,TepC2,TepC3,TepC4,TepD1,TepD2,TepD3,TepE1,OchA1,OchB1,OchB3,OchC1,OchC2,OchC3,OchC4,AnaA1,AnaA2,AnaA3,AnaA4,AnaB1,AnaB2,AnaB3,AnaB4,AnaC1,AnaC2,AnaC3,AnaD1,AnaD2,AnaD3,XanB1,XanB2,XanB3,XanB4,XanC1,XanC2,XanC3,XanD1,XanD3,XanE1,DipA1,DipB1,DipB2,DipB3,DipB4,DipB5,DipB6,DipB7,DipC1,DipC2,DipD1,DipD2,DipD3
Orcinol,124204.581666666,12276.88625,16503.6141666667,10202.77525,58547.0366666667,31838.945,12741.9054166667,9343.02808333334,16603.0009166667,2231.62983333333,154470.825,149606.658333334,10628.5573333333,7444882.83333333,1089696.84166667,1610306.74166666,2510345.66666666,1080473.825,1650987.73333333,1403242.83333333,2617754.10833333,12071.9221666667,8649.72636833334,12496.3175,894941.816666665,28669.3358333333,5400.69873333333,17170.3238333348,6185.97144016667,1312.798145,26111.4,262.415750000568,36329.7395,7449.91482500074,9129.38213616667,4731.03511,191506.775,4013.85372666667,4348.14194833333,2238.75025833333,58360.8486666667,241563.008333333,165.644515833333,8744.57498726667,70642.5208333333,3847696.41666667,2499986.16666667,450469.9,2994822.25,1577088.25,854818.75,1231931.45,2301056.41666667,2979485.41666666,1666968.15833334,2538953.75,4182720.33333334,3239935.5
"Benzenemethanol, 4-hydroy-",24384.555625,17121.2038,15983.19098,20904.97245,8973.648775,11326.2791,15930.132025,10499.522575,16444.976525,15907.791425,19029.6425,11291.689425,7016.385175,46119.936025,84796.27761575,13318.4761,22456.048275,28940.51845,6691.334875,38073.965675,10115.048025,1303.5689425,3746.205675,2578.81336,15449.44575,4156.1862,1569.84339,2844.737635,5343.9441275,4574.41979,4203.66606,327.6667425,5862.015125,7440.998575,7737.953525,2223.910875,7073.658875,2646.216935,8621.514605,1755.509025,4494.558145,17563.5762,3276.5171875,3489.6566225,9653.512475,4558.8207625,213617.35,1996.86420000018,211382.4229275,60603.87575,50327.9848,32853.68275,275297.91,178911.071350125,41828.719,111999.9729,17121.42491,10879.4328225
"Orcinol, monoacetate",291.1582,187.7695,111.8681,161.8302,61.53457,135.8451,210.521,127.1003,676.121,250.5165,2721.387,2469.469,150.9475,58608,116.8939,4308.826,4651.98,753.9135,3460.782,663.0883,4434.393,122.0293,110.8621,157.8004,2324.991,221.1058,43.89584,140.4937,55.04591,26.50491,1.616111E-07,41.28942,152.7795,74.59796,82.25531,49.64435,196.1377,35.64822,145.6433,44.11586,206.7463,564.6712,248.8823,50.19407,59.11274,44548,16935.37,130.0887,53640,107.2354,102.5233,300.8778,18393.53,71617,1360.379,8020.175,41877,64039
"2,6-Difluorobenzoic acid, 3-chloroprop-2-enyl ester",23821,92706,57512,53673,32925,16260,15172,20351,29295,50409,37805,27858,19066,30023,97322,104812,104998,52754,74689,27781,86773,13510,14072,5889,3912.223,4346.19,5812,5674.132,16500,12462,1378.562,2624.074,4959,14615,6069.803,9338,10012,13461,37685,9918,12070,33975,10204,3768.869,6011,26.5052,360.6722,57.49384,312.9463,165.5765,193.1769,536.954,429.2559,308.65,52.53492,434.4301,5628.442,499.3236
"Benzoic acid, 4-ethoxy-, ethyl ester (MEOH)",46690,64364,53149,40706,19450,30501,24517,41848,53177,49068,50780,38183,17215,44843,34413,30688,26550,32824,30131,42854,35350,8031,7948,4662.96,4909,3803.077,2583.361,3778.779,8292,18794.39,1241.994,3153.545,7842,17035,9710,3087.15,3899.376,5193.302,26051,4338.989,4475.894,27106,4808.198,3794,5437.76,4802.411,1931.93,92648.48,43696.11,350.9635,404.2457,979.7291,937.8348,56451.24,33.49707,22.07213,46315,58044
"Orcinol, diacetate",717.2115,8706.293,622.0505,3778.85,7267.479,2935.946,7486.212,6412.337,9811.369,5678,2575.972,2428.495,3681.006,3200.865,3977,4297.084,4562.421,668.5899,1474.748,481.502,3859,1841.062,9631.033,10837.39,5848.449,6539.008,5152,12583.11,7751.687,8726.884,1432.835,1899.785,4060.949,11267,1644.083,16026,4994.14,16807.72,38793.76,21557.26,15435.07,23851.29,17574.47,1100.627,8264.342,3841.97,61.94215,78927.2,3002.27,45.83743,401.8499,179.474,123.0894,1996.04,44.55662,104.23,1741.364,5245.926
"Benzoic acid, 2-hydroxy-4methoxy-6-methyl-,methyl ester",16036,24387,17528,24680.79,12918.22,16346.08,25741.96,20170.19,27734.19,22447.24,20690.36,22698.22,19538.94,7653.565,7499.401,13788.73,5242.911,5823,7742,6500,6401.308,5553,6510,2948.641,2418.26,5108.266,4849.28,3684.862,5083,3932,3514.4,4008.048,12316.22,11879,11689,1125.556,2854.304,4804.004,1779.437,3957.374,2204.075,2589.381,2494.49,1139.357,2839.05,48.66848,8289.977,35699.66,2.39341E-09,44761.17,88474.77,49865.4,17052.84,5.073395E-10,58477.66,33784.72,461.465,2.85054E-09
Diethyl Phthalate,11859.1675,15984.805,11772.514,15436.5,8714.5,10039,16501.295,10831.9965,15240.494,12677.4535,16143.75,11943.165,10181.6815,5637.6382,4042.125,6807.38295,3268.6125,3750.6735,3882.1644,5693.569,3790.34045,4659.2875,4102.2755,1865.19365,1352.01545,2847.14835,2431.35095,1824.3715,2978.90965,1886.10815,1572.76735,2168.23675,6179.24465,5723.514,5477.70215,610.3397,1357.67495,1121.29142,2382.77,2182.21095,926.8943,1286.0963,1748.02825,790.3837,1576.0794,133.32083,448.00882,1108.37250000072,56.45733,1686.37885,3580.44450000889,2524.8488,262.75755,390.559395,3146.6646,1468.11200000152,367.894345,167.191765
"Ethyltriethylene gmycol, TBDMS derivative",33344,17080,9922,8428,3796,5229,3235,7871,5050,4266,3545.872,5359,1866.902,2116.373,1592.714,9348.545,25140,8165,10893.57,6095,13063,178.565,260.2417,270.0152,324.7432,153.3204,116.798,25809.58,118.6851,642.2654,1023.064,146.7829,563.9681,301.3884,1567.135,19599.92,121142.4,142256.6,95333,152184.4,148840.4,1007.639,79630.91,1484.839,10181.9,132.2541,62.26867,138.2351,1412.622,46.99157,1157.824,95.13275,231.2351,84.19585,139.5216,295.0836,60.46301,90.46299
"Benzoic acid, 2-hydroxy-4methoxy-6-methyl-,methyl esterï¿½",180813.46,45070.1072,133939.68732,133571.44132,72945.43022,136895.51362,127113.6994,97351.47998,143070.24512,71269.68198,282185.824,414798.44804,71134.21714,3137322.19,362750.5794,852479.2168,1820671.292,784323.958,1665228.2724,911707.714,1410804.0288,82667.598,60228.8848,151112.9482,634575.332,85053.578,43234.79116,90412.53232,31562.21504,27642.79302,77151.267756,13541.28092,100189.1798,66439.86402,58151.2132,492307.0474,439011.314,64466.58472,55764.9108,25310.4018,367010.0178,271331.2308,44384.4744,184783.81878,233125.29066,1219091.96,420145.84,838703.9174626,830433.092,192078.54316,156614.4626324,230235.03806,358361.736,776760.57,213703.48642,252961.258,2036134.218,1121616.584
"Benzoic acid, 2,4-dihydroxy-3,6-dimethyl-,methyl ester",6165189,6388907,6436567,6404734,3327365,5539911,6221391,6122117,6157231,6163557,5792052,6200136,4280857,2763634,809456.1,411563,225277.2,170760.9,170511,411753,259130,555389,1675710,492084,4436731,931600,491522,1126666,473670,501709,2856935,331450,1376298,802576,2629859,731157.8,912714.4,423312,1033003,757897.4,991627,2980604,28455.98,2013408,749203,51535.91,70349.87,2.944946,52984.24,79952.38,56156.74,46982.52,77099.85,75128.15,64683.77,22588.26,844984.9,70539.87
Ribitol,1502.981,3584.279,1554.69,2562.051,2227.718,1862.647,2452.352,1861.41,2321.016,2097.615,3408.222,2092.555,1156.182,1578.369,8.190713E-10,5827.332,4101,1262.341,1903.648,308.7323,3586.806,3005.286,3986,6988.456,3103.729,8145.326,4580,8033.152,9337,4380,2007.543,2234.974,5460,12077,4350,6891.661,5208.321,4838.748,12352,7818.045,5168.905,14324.89,6385,3253,6138.09,201.9263,4.854506E-10,273.6469,639.1836,906.8279,3140.579,1688.099,140.3211,562.8147,487.0697,29.26024,24.98719,225.1325
"Decanoic acid, hexyl ester",374657,646605,80374,187080,18699.09,72634,56085,57017,210307,312390,123894,74452,22857.53,12574.26,15250.6,4625.025,5234.639,3975.735,3571.997,2242.869,4850.295,1826.316,2105.735,6343.514,4228.729,3388.178,2513.709,2419.6,1726.269,3661.94,1708.438,1727.662,2698.639,2591.491,2872.515,54911.78,21572.4,20785.83,21606.77,25453.22,20176.93,18959.7,48625.56,10572.28,18171.02,7747.125,13452.63,89986.51,14804.06,10768.2,22050.04,15884.39,5475.908,14830.83,11710.17,11603.4,9749.976,13408.06
"9,12-Tetradecadien-1-ol, acetate, (Z,E)-",4698.353,4460.662,3461,3047.499,1501.118,2528.573,3436,2244.16,3184.47,3767.709,4734.769,4878.827,2376.876,5660.333,36241.44,13574,13040.38,2356.32,5348.435,2113.394,12034.27,5014.543,10135,14210.97,9461.359,23739.01,11933.56,13641.84,10369,13330.69,4499.119,9543.957,12638.14,14458.38,16019.03,23527,11103.44,13074.79,40230.21,23288.82,16930.27,41072.89,13774.93,8200,23338,3644.748,4088.76,2344.248,4275.822,5300.561,5541.596,6712.702,5419.783,3924.19,3585.693,3819.636,1810.5,4514.078
"D-Fructose, 5TMS derivative",7121.519,10708,11636,9318.364,4924,5637,13060,10310.82,11773,12494.17,9476,11040,7459,7516.915,3801.396,4957,3257.251,3584,3523.224,2648,5269,4406,4627,3645,3671,23889.35,4047.723,6726.109,7507,3630.539,4518,5169,9837,8518,9697,21663.29,18684.58,16567.87,16441.69,20910.34,12859.48,5940.032,23982.68,6919.762,20261.29,797.8151,41.76156,12.49347,276.733,35.94706,60.80746,81.5322,85.5013,634.5801,51.51338,28.71273,4924.746,1659.893
"1H-indole-6-carboxylic, 2,3,4,5-tetrahydro-7methyl-5-oxo-,methyl ester",1851460,1870807,1845364,1881669,1080949,2022160,2008331,1892505,2057203,2058782,2087343,2483543,1370233,2128142,29837,61651,40411,33636,38071,81848,54478,143763,479077,133975,1535979,241319,125059,326925,101849,88298,521239,43557,229014,124157,504031,219248,143568,96097,243834,121165,197385,687133,83694.62,296099,525107,395632,234522.4,40228,658777,82594.67,8969.801,48219.12,277850.6,1006299,47480.36,30065.92,1082267,656972
Undecanone,732.2435,1118.169,1632.956,568.6513,596.5598,753.2868,936.4961,484.7406,923.2855,1146.609,3096.956,1691.922,834.7052,1082.927,607.7518,1361.658,1042.97,710.1952,425.9755,850.5602,1064.628,5357,15365,15267,7006.635,11418,4868,3996.576,4169,12360,7428.24,14474,32588,22111,14352,3637.789,2289.257,2881.03,5255.664,2492.096,2409.474,3124.745,4234.975,2322.989,3473.789,681.1588,643.0159,184.893,592.3975,847.057,456.4743,835.8561,1051.981,839.7017,797.3929,338.542,465.8178,605.6168
N-Heptadecanol-1 (MeOH),16782.1,15115.26,34312.265,14313.035,4388.8625,9084,22513.4,30669.395,21419.205,23771.46,22402.65,13746.815,10556.62,18403.39,40750.515,23047.685,24932.12,17806,25090.22,20440,37997.13,8501.22,16099.29,20442.08,18527.855,19608.255,16746.545,18286,10826.23,12471.65,13866.63,10907.155,24247.435,21962,23996.36,59374.985,50582.6,63396.615,26752.805,47087.97,24627.865,91929.69,64278.43,73261.225,90764.48,88235.795,33572.575,9251.8175,29718.87,25406.59,24357.96,26911.3,38319.42,28602.985,33128.155,36393.64,16047.145,24302.5
cis-7-Hexadecenoic acid,2130.101,3037.115,3951.157,1649.74,628.7765,807.6121,1285.634,743.7016,664.6509,4266.697,895.2112,1366.303,561.4634,1602.645,1278.805,873.7989,1300.81,1124.567,1295.056,2453.775,1463.364,12346,2076.949,23040,5912.933,4903.279,2096.215,2183.82,2193.334,1167.344,1593.699,5167.225,2130.368,9249.246,11529,5051.318,5974.834,5918.482,6741.231,5557.534,11227.08,21690.18,15473.94,16783.5,29219,8842.406,13355.76,3248.421,6758,7578.594,6306.005,6406.696,5620.105,7668.766,7521.097,7916,6220.596,7614
Cyclobarbital,290.1547,332.7301,186.8103,173.2291,125.5812,70.83272,68.43252,93.52794,61.82237,210.9784,164.694,91.88087,0,75.13252,272.5769,188.4263,271.3901,230.3517,160.8043,730.4601,113.9463,2859.74,4166.274,8992,3717.773,15029,9129,7369,6973,10235,1725.657,8296,15590,28514,7369.49,10527.11,4286,10383.39,40410,18603,14648,21074,19783,3920,6640,390.0112,376.9357,922.9544,522.7937,759.6054,391.8583,435.8008,374.99,407.2422,405.492,652.3881,310.135,177.7806
"Androstane, (5?)-",274.17535,204.45101,424.15605,925.27485,638.38715,292.2621,577.73615,896.3343,1124.52085,1118.96255,1422.24225,825.3259,1079.1649,709.0573,0,2092.88275,2305.2533,499.61825,410.8814,415.982535,1535.89625,20091.305,19392.16,37769.475,15841.945,74268.59,45833.25,43388.29,34401.65,35550.725,10936.485,59164.925,103200.75,185570.25,39499.59,63954.8,29668.135,82392.015,292492.7,119844.85,100923.64,195427.25,166919.85,48304.98,80602.66,160.9489,334.57475,265.2817,166.687645,365.49125,342.2631,202.366735,415.6692,281.67759,244.7334,178.36515,248.7193,242.7435
Oleic Acid (MEOH),4591.59189,2270.853795,1579.05467,3770.12474,2132.13425,2930.127085,1901.17125,4162.9489,3284.306605,3320.425425,4296.399805,2552.983015,2599.64908,3299.836805,1035.25045,10421.8516,7399.169815,3443.059665,4592.218435,4546.054155,7273.640545,1040.61855,854.09025,3494.0503,1536.6706,15738.69945,6762.8064,9778,2694,11432.695,433.16895,1093.6575,1542.8896,6065.24065,1129.8745,6199.3524,1050.24195,3986.33845,21674.84445,7650.90845,4292.55,21204.8877,7958.6954,1638.1745,7044.2595,118.7092,93.956525,13.1435691,278.723935,298.508545,43.26177,88.597225,2033.144345,793.765445,133.25909,67.812445,1149.23063,685.202405
"Isoquinolinol-6-ol, 1[4-hydroxybenzyl]-1,2,3,4-tetrahydro-7-methoxy-",99062.045,29431.4475,103798.9275,121506.525,102651.7375,136358,178749.425,173100.3,225216.15,200992.525,333172.975,210126.875,192127.35,220534.325,121.662625,1849.69825,1064.011925,258.75985,1657.44225,142.4234,320.836525,3064.87725,523.17215,951.6379,1540.59275,228.417445,1343.85025,213.97185,111.964875,410.9800125,395.27585,107.996175,360.560105,314.476875,371.464625,552.019825,2351.67575,1100.814,3821.03225,213.5015025,322.5911075,13124.6525,242.7598,9292.42,712.04495,7309.85875,11971.947,1192.29308500073,29260.5975,48880.3725,9958.3645,31300.9925,101205.185,35698.0725,11467.68575,8570.92475,39745.2225,39395.61
"8-Octadecenoic acid,methyl ester",4911.119,4044.2445,4633.5645,3229.4619,928.11705,2843.64795,3283.34815,3278.843,4981.847,3845.8425,3714.072,2734.5195,4523.8195,3881.3615,1416.64435,4819.325,5180.463,5623.805,5489.43,5345.072,4989.726,4802.701,4792.3525,7172.807,7154.106,8886.8935,4837.063,4037.719,3804.9155,4841.249,3166.0165,9150.255,9873.855,7796.1055,8052.0175,4488.378,4254.182,3304.791,5791.1645,5313.0385,3086.5985,7383.6605,6098.235,5603.386,5761.0135,3406.9105,1782.878,825.1688,1111.2098,1202.02315,1331.433,3269.1575,3047.1633,1876.3626,1325.04585,1594.62515,1357.744,1514.22965
"9,12-Octadecadienoic acid (Z,Z)-,methyl ester (MEOH)",16076.81,13547.9633333333,18497.3,7998.31333333334,1884.547,4591.01833333333,7368.37266666667,5634.65033333333,8589.44666666667,9640.41033333333,9586.22066666667,6912.595,3760.885,5734.552,7517.57633333333,4439.05633333333,3324.394,5318.802,5439.47433333333,14634.87,5869.70833333333,22211.266,9430.28933333333,11069.8333333333,12238.0633333333,28361.79,20403.3166666667,16797.2173333333,18746.874,62025.95,10825.9093333333,43869.0666666667,28827.7066666667,37770.5866666667,44064.66,18135.5666666667,15680.5266666667,20527.1166666667,31772.4633333333,26383.1133333333,19798.0033333333,21925.4133333333,23244.5066666667,17412.7766666667,24298.0666666667,11381.45,7875.91766666667,1500.846,6388.49,4075.297,7351.62433333333,7404.30066666667,8593.82733333333,6616.63366666667,6722.97733333333,7691.80666666667,7204.08433333333,5371.63733333333
Thunbergol,6364.4198,2646.262125,4888.802825,2048.8436725,586.91809,763.55493,852.775475,659.399145,1295.555425,1413.69515,1494.095185,1697.68837,564.058125,1393.8484125,1676.88195,1424.81290875,772.921675000034,1315.4558175,818.110150001334,3644.5063925,1133.0544125,7441.01455,2674.6185,5918.9205,5805.079,24984.3075,17634.7325,14305.6575,11280.0615,27073.9325,4287.49575,13511.9505,17631.0715,38305.46,17396.70775,15683.1,7988.44675,17771.2875,79549.525,33139.03,26431.77,48456.7,22875.8025,8557.48075,11034.99,4045.733225,900.927975,667.118095,1095.573135,1327.124325,2734.380925,2274.879075,2001.22955,1521.3873,1274.675075,999.1501,1417.75974,1114.2706175
n-Nonadecanol-1,142722.033333333,165617.466666667,271495.866666667,174295.7,39637.42,134281.1,213101.433333333,187691.833333333,200316.166666667,236398.933333333,200970.533333333,169564.7,79821.8366666667,154116.566666667,189157.9,134037.433333333,130172.366666667,157027.033333333,173549.433333333,130867.833333333,177824.033333333,95176.6133333333,155282.866666667,195728.333333333,219873.733333333,209532.466666667,169778.5,142792.366666667,108178.9,101262.703333333,138966.366666667,176670.533333333,208676.9,195922.533333333,256060.233333333,244434.166666667,186881.066666667,179698.733333333,137987.133333333,231519.233333333,121146.5,239203.1,194381.433333333,272073.866666667,267003.033333333,240866.866666667,136695.2,41810.6666666667,121989.5,114391.6,156462.733333333,204206.5,211061.9,127559.233333333,125496.066666667,150487.966666667,93029.5766666667,131715.066666667
Oxymetazoline,19154.05,35119,32086,26349,15646,35943,36715,19273,45521,68097,57395,29035,33279,31966,20.9067,521.5788,270.4458,35.36057,306.2215,39.20959,89.61494,1515.159,1.075491E-07,233.807,1232.146,280.4352,816.9789,567.501,887.5247,477.437,132.7698,660.5134,1440.233,2196.88,580.6095,1770.598,1615.332,1081.036,4655.813,1855.841,1065.062,5519.39,2135.635,14502.97,1123.823,4257.154,8442.488,2913.433,16317,42177,16959.82,28503,73648,17076,8505.367,9111.359,18947,26473
"4,8,13-Cyclotetradecatriene-1,3-diol, 1,5,9-trimethyl-12-(1-methylethyl)-",3407.35333333337,629.942736666667,283.655056666667,245.256073333333,226.0611,367.988,732.13662,182.65403,739.911056666667,1025.53047,599.423833333333,433.742003333333,345.73,427.525,3786.06076666667,300.203933340994,847.360200000083,94.1598033333333,246.001243333333,159.353196666667,204.976307,17596.7436666667,16442.471,15609.8513333333,20652.442,30653.727,19781.8456666667,17559.1093333333,13773,29236.6233333333,6459.60566666667,23262.2533333333,40502.6666666667,50966.28,29607.66,26087.1766666667,12915.4,22245.5966666667,91249.0633333333,38046.6666666667,29249.1833333333,46175.32,41881.1666666667,17675.8406666667,31364.9633333333,63.3505843333333,82.0529266666667,69.3210466666667,130.755913333333,202.249423333333,57.174116,195.255016,875.528693333333,177.070943333333,162.41655,97.82843,121.85609,153.486843333333
"Benzamide, 2-methoxy-N-octyl-",130293.215,232766.115,164399.68,127683.07,41935.0405,116196.53,151663.72,115434.77,216570.07,348016.81,232613.4,182999.435,86985.62,503957.15,8016.4215,19713.695,4868.272195,2241.804245,2472.06565,2265.16325,2093.4453,17320.227,12760.421,9117.5,7923.132,5239.01685,2942.01405,3187.563,4628.6705,4722.5305,2680.26335,2517.847,5352.258,13298.93,4373.3415,4278.986,5743.1515,3794.727,9086.5,4780.1985,5408.647,8918.925,4125.443,11040.5,8259.5,1871.0386,2980.08855,58392.75,8721.0137,19074.4475,11092.9245,24869.0845,57293.365,510307.86,54444.315,31486.056,52145.768,37010.8195
"Kaur-15-en-18-al,(4?)-",72.9377300173818,22.9756966667403,99.2316433353591,7.77311666933798,93.5470466666667,243.276716666667,278.569823333333,97.1491900027609,9.80267000040671,10.5030966668431,127995.871096667,42.0383966667354,100.945106334985,237573.6107,188.1194,65.1138366690307,54.2304300003907,34.1498600032634,108.056729333333,80.5041,70.886656675345,41199.1356666667,27499.2033333333,49684.25,43816.8736666667,116133.133333333,40456.78,52915.1866666667,49252.837,378478.496666667,13404.0836666667,129630.266666667,254018.163333333,326121.233333333,133653.411333333,75771.8366666667,32586.8276666667,50208.1233333333,268823.5,164179.833333333,95540.8333333333,168352.966666667,164064.933333333,55371.9326666667,75645.89,314.377517,426.48704,5791.94666333333,1124.19078,128.470512666667,357.172993333333,565.45002,849.40621,221166.729453333,545.126256666667,185.066493463414,274.554413333333,600.849343333333
"17,17-Dimethyl-18-nor-5?-androsta-1,13-diene-3?-ol",719.0974,619.8947,1682.71,702.4221,0,420.0971,184.2239,211.1772,52.63897,92.89849,244.7688,314.5354,0,169.4742,800.079,7.510212E-10,1216.47,0,2.073505E-08,135.2459,0.4456806,14315.57,13471.77,14018.23,9758.203,14921.93,11068.81,10618.3,14776.43,20914.77,3194.86,26271,31843,44279,21336,16689.35,15289,9012,45025.54,24815.6,15920,29099.74,24256.62,15997.38,14399,345.9889,0,313.8816,0,243.1945,297.8038,521.1877,280.5589,265.8093,9.635433E-10,0,0,0
"5,8,11,14-Eicosatetraenoic acid, methyl ester (all-Z)-",308.20205,106.024853333333,200.89633,20.6824566666667,54.3151133333333,7.39739666666667,83.7012766666667,31.3897033334384,183.395563333333,80.58598,20.1314166666667,13.41717,0,206.561716666667,121.230643333333,25.7255433336885,86.3308733338575,84.81824,61.8317200183654,216.299656666667,57.1566807745013,49181.9833333333,34840.963,40237.495,28024.5766666667,70138.6833333333,63017.6353333333,21036.8803333333,31838.2093333333,13557.4796666667,8783.45366666667,43938.11,79690.32,89094.0913333333,53671.6266666667,69786.92,41103.78,73385.9356666667,730176.366666667,100146.666666667,119487.5,105224.02,102362.76,40753.1766666667,140035.261666667,121.444503333333,0,342.029053333333,284.56689,255.000613333333,142.074983333333,183.650853333333,435.645330333333,491.927643333333,229.52423,105.921046666667,704.489966666667,342.2102
"Kaur-16-en-18-al,(4?)-",31839.87,14293.91,9743.654,6335.253,1207.748,2555.879,2808.653,4640.944,7092.847,9535.143,5124.002,2803.615,1684.959,2644.174,8431.462,4787.442,15663.8,2580.964,4475.481,3655.289,4217.11,11606.22,4274.184,3568.113,11778.58,72689.7,43213.96,44843.82,10597.29,5793.765,4780.369,43336,58359,57001.74,31560.23,39389.66,26571.47,35985,193554.6,70632.97,51108,100233,83429.72,21392.07,30480.07,265.2466,667.1132,227.281,645.4541,440.1542,701.3162,949.5928,649.5316,49.38602,311.3661,483.1466,160.5712,585.0472
"2-Pentenoic acid, 5-(decahydro-5,5,8a-trimethyl-2-methylene-1-naphthalenyl)-3-methyl-,methyl ester,[1R-[1?(E),4a?,8?a]]-",89.73424,0,267.9403,98.03945,84.78792,0,100.8227,33.82414,146.612,104.8513,65.34841,0,0,391.6004,82.0974,110.7332,83.31717,0,660.4585,59.41044,190.2895,6945.266,19347.41,19717.19,11695.11,41562,36814,22723.32,27121,59623,3503.004,10031.58,42752,68620,29590.87,21494.94,2769.491,23788,147076.3,34494.09,59514,72519.43,75373,3418.573,25732.45,24.01619,61.0456,215.9754,92.97056,58.67996,65.27693,23.25493,113.6805,190.8479,52.7618,28.10891,0,63.29066
"(E)-Labda-8(17),12-diene-15,16-dial",709.49593,1031.2048925,879.237855,677.232865,421.21674,446.0092625,721.45963,500.14668,630.2637375,706.7847725,698.716235,551.6726225,211.566765,332.58075,1011.8682,97.026275,632.118825,199.67435,2118.9371075,367.06302,461.313275,141178.7375,150390.7325,160452.4425,83188.66,201698.575,144767.31,121588.2,205038.2225,39576.9565,35707.399,330367.835,415450.3275,534972.09,269140.0875,249342.9125,174715.7525,250432.5,1284768.8,498163.1075,397698.525,437718.875,445686.7,206324.2575,449220.15,590.8981,552.9699425,462.93424,952.6635075,405.8677025,777.333875,1200.2932625,901.75715,1062.185755,539.753825,632.59905,221.97769,471.354365
"(E)-3-Methyl-5-((1R,4&R,8aR)-5,5,8a-trimethyl-2-methylenedecahydronaphthalen-1-yl)pent-2-enoic acid",623.594,916.664866666667,940.638573333333,1144.81243333333,0,630.360546666667,1399.30449666667,1148.08721666667,1268.49176334297,906.520533333333,1258.73382333333,775.6555,318.590086666667,937.2863,1499.3355,1383.07203333333,298.44192,670.4453,549.29372,368.789946666667,928.12053,62461.203,53832.7916666667,68540.1523333333,38886.403,133530.953666667,65811.3143333333,85981.6466666667,71356.4576666667,97325.325,25438.338,104258.956666667,94817.187,122429.324333333,99868.6566666667,69466.3386666667,59827.7783333333,65974.2853333333,323433.666666667,132650.318333333,94887.6293333333,264868.660333333,237512.005666667,60959.006,115771.358666667,1354.35526666667,788.590633333333,183.8716,1022.09983333333,715.554773333333,985.910763333333,1276.33086666667,1340.64986666667,942.484333333333,772.247413333333,657.64037,548.57032,606.384933333333
gibberellic acid,1098.815,132.6569,0,148.2764,0,154.4278,181.5119,146.5403,175.7828,116.3521,138.1278,215.3973,0,0,1224.849,27.09798,344.1982,154.2965,166.4235,30.33398,485.079,8094.407,38843.91,23311.46,6133.032,46536.27,22106.78,18782.75,67498.58,305541,2863.71,38154.26,49237.77,117289.2,30234,15265.73,9925.654,13358.38,82438.52,42645,23220,29175.63,29567,14716.3,36426,0,0,875.5456,0,0,114.5203,0,108.56,521.2391,244.4758,0,0,0
"1,2-Cyclohexanedicarboxylic acid, cyclohexyl octyl ester",402.09555,1083.293,3633.0045,442.5755,105.092785,1041.16635,801.4456,425.1341,699.156,247.35,509.43665,200.76405,374.74455,487.0021,449.1969,709.0672,776.27305,0,713.79585,1130.71095,293.61133,432.1287,0,767.0895,0,0,0,471.0391,393.3367,402.9137,0,855.21985,687.716,0,555.3659,1353.139,350.05935,231.5883,1053.601,562.84925,356.2908,750.74335,1801.186,291.56975,1875.728,500.0171,22951.805,9803.8275,20102.26,21271.825,18167.125,15170.075,16261.165,21320.775,20832.45,29283.22,16435.81,18840.34
"1,2-Cyclohexanedicarboxylic acid, heptyl nonyl ester",6033.89311666667,10350.559,26321.2310666666,6704.61101666667,6758.27713333333,6249.32173333333,10945.8733333333,8383.03763333334,6444.57623333334,3586.11651666666,6540.3045,5015.61361666667,4435.91263333334,8246.3816,5617.53936666667,12272.4428333333,13695.3437333333,2797.25201666666,7459.26376666667,10212.9836,12940.0843666667,7229.2601,6290.10276666667,8515.73253333334,2892.4292,5873.15756666666,3469.16471666667,4397.70055,4829.2674,2865.34353333333,3263.6593,11603.4215,4915.0238,5884.83443333334,6990.86703333334,11802.3419333333,8787.74171666667,4857.03588333334,14965.2505666667,6948.80736666666,6078.3254,10330.5589,13349.2190333333,6204.73956666667,18446.8589666667,5619.07431,311258.552666666,110399.278,297687.253,329492.8798,270097.004,256951.518333334,285052.704,368327.713666667,296797.259266666,372796.122666666,352437.140333333,325320.829
"1,2-Cyclohexanedicarboxylic acid, nonyl 4-octyl ester",11497.8492857143,15309.2471428571,39762.2742857143,8788.39085714286,2683.91171428571,9907.584,19462.28,13648.2784285714,10800.9332857143,5816.81428571429,10445.932,7845.20028571429,7924.34314285714,13854.4714285714,11002.412,19053.2871428571,25843.3214285714,3853.86928571429,14169.0108571429,16984.9957142857,17729.0214285714,13370.7432857143,10872.7398571429,14043.9295714286,3658.87357142857,14710.1551428571,5880.77285714286,8104.013,6972.61728571429,4209.31542857143,4904.01414285714,17864.8271428571,9175.88342857143,10411.703,12119.3191428571,20552.3487142857,10090.2934285714,8856.04357142857,28145.7585714286,14025.5934285714,12716.3814285714,44371.6111428572,15947.3528571429,13706.7662857143,32125.2714285714,9154.12485714286,498232.785714286,222657.157142857,550530.042857143,467884.171428571,330034.014285714,412394.928571429,426404.3,594679.128571429,538968.714285714,608827.4,479932.085714286,518583.8
"1,2-Cyclohexanedicarboxylic acid, dichlorophenyl isohexyl ester",23892.6533333333,36722.3133333333,83407.9933333333,17961.4766666667,4555.826,21572.7533333333,37582.7866666667,29020.3666666667,24151.2733333333,9051.39566666667,21637.7733333333,18915.5733333333,15927.3733333333,29712.3333333333,19934.9166666667,45679.6433333333,56225.0166666667,9290.87966666667,32880.0066666667,35309.8666666667,38245.0933333333,28192.55,24368.7466666667,30635.1466666667,8047.33366666667,19593.0633333333,8850.71133333333,17767.2566666667,14712.6233333333,7201.00866666667,10386.2333333333,40012.7566666667,17538.4066666667,22913.2966666667,26871.3466666667,36458.59,27415.6166666667,14637.6733333333,51541.46,26650.2833333333,26688.4233333333,40273.09,30135.8533333333,24068.6366666667,63886.8166666667,20750.1433333333,1152789,472946.1,1103353.33333333,1038016.66666667,941760.733333333,897810.066666667,1015734.66666667,1271712.66666667,1104469.33333333,1476260,1006740.66666667,1113246.33333333
"1,2-Cyclohexanedicarboxylic acid, 3,5-dimethylcyclohexyl nonyl ester",14783.8075,22446.00625,52851.9275,11628.8245,2505.16855,13622.543125,23378.5675,18592.1525,13486.695375,6990.243125,13157.569125,10400.9025,10116.996625,16631.8575,14322.8605,50331.1075,32253.48625,5042.977875,16794.4425,23239.79,23010.4575,15807.42125,13158.329625,17186.8725,4712.746375,12037.401375,5551.45625,9053.691875,8416.955375,4887.280375,5047.8525,21668.3225,11410.89575,12122.859375,14612.32625,18071.17425,13430.200125,7225.119375,25219.44625,14208.64825,13415.523875,20246.67,19922.29125,12176.560375,34367.0675,8909.74175,644516.4125,247618.225,624512.675,594771.4375,504531.0625,496461.6,569769.7125,707940.2625,639115.675,814266.025,561896.475,678205.4875
"1,2-Cyclohexanedicarboxylic acid, cyclobutyl dodecyl ester",18346.23475,25820.5875,65349.61,13757.659,3794.4145,14449.70475,28500.2,24020.4125,17439.18275,8581.40625,16779.87325,11845.38975,11625.5965,20133.3275,17969.75425,30591.965,35624.13,6790.81325,21764.13,26502.255,27800.7275,18629.145,15640.713,21873.4725,6252.919,13417.2635,6638.70925,10912.753,9159.9235,5230.20975,6512.71175,24273.825,11292.77525,14084.098,16327.83575,26467.3275,17265.63,10409.964,34378.075,18810.9505,19310.2325,25778.73,30602.3175,15078.78475,39476.575,12195.71725,791022.525,320776.125,768693.025,745105.9,653673.05,651450.55,718683.95,860413.75,807545.025,984493.675,735724.225,872670.8
"1,2-Cyclohexadicarboxylic acid, dodecyl 2-methylbutyl ester",3394.117,6508.942,11475,2221.017,5174.673,2313.207,5790.736,4569.941,3012.884,1981.023,3007.281,1852.002,2341.9,4390.255,8401.42,7196.901,8327.442,1158.381,4770.942,5995.663,5978.685,3799.623,3115.481,4079.845,904.8705,2795.377,728.8276,2398.546,1725.235,1288.682,1199.629,5012.473,2205.009,2511.034,3756.506,5122.667,4061.319,1792.977,7468.782,3762.147,3887.85,5984.473,5536.063,2723.023,7697.577,2539.209,172620,68970.66,160248,163319,144056,138619.7,153932,191081,178857,216732,156077,176104.6
"1,2-Cyclohexadicarboxylic acid, 2-methylpent-3yl-undecyl ester",8962.27366666667,12505.3133333333,28963.3933333333,6403.58966666667,4391.59166666667,7183.43733333333,13444.672,10940.322,8370.087,4247.84533333333,7298.377,5411.04166666667,5519.031,8906.30666666667,9177.20633333333,15203.3266666667,17604.5866666667,3107.07746666667,10064.9096666667,13374.4403333333,13505.86,8209.727,7640.33066666667,10736.7343333333,2831.90663333333,6795.727,3380.5202,5415.394,4449.36733333333,2474.48726666667,2865.0576,10486.4776666667,5431.69933333333,6596.94966666667,7500.758,12005.666,11328.5933333333,9128.531,30890.2166666667,23329.2733333333,14081.3166666667,22813.5933333333,18225.1966666667,8613.204,19986.0763333333,5070.591,390302.766666667,163423.086666667,365309.033333333,369235.966666667,332778.733333333,332206.433333333,357920.2,426779.166666667,400691.3,480123.133333333,375008.1,404088.833333333
"1,2-Cyclohexanedicarboylic acid, cyclohexylmethyl nonyl ester",2893.263,4658.708,9985.242,2446.897,4530.791,3423.432,4405.34,3846.471,2846.871,1469.577,2664.864,2878.795,1734.656,2998.887,2152.063,5667.979,5802.712,1181.042,4589.67,4821.57,4888.714,2786.421,2422.96,4207.701,1357.097,3117.706,1893.257,1952.335,1815.887,860.8974,1267.043,4301.137,2629.47,3476.719,2642.249,6752.286,10823.17,55544.71,15873.02,142099.7,63149.17,10006.67,7476.968,7965.92,7472.358,2057.687,135176,55459.74,126545,130563.8,114037,111255,123938,145084,140274.9,167342.1,124814.4,140324.9
"1,2-Cyclohexanedicarboxylic acid, 3-methylphenyl nonyl ester",3546.0605,4236.26,8058.707,2296.18,568.28795,2718.911,4344.1395,4100.0955,2671.303,1474.131,2406.634,1820.1055,1932.2765,2757.858,2822.186,4972.2335,5289.921,704.35035,3776.445,4557.5625,3977.1,2233.845,2189.0445,3548.525,1223.302,2566.223,1309.3395,1753.953,1379.0135,0,0,3183.788,2025.324,2317.9895,2485.511,2968.994,2688.282,1390.4745,4637.346,2263.784,2483.5235,4600.2015,3320.4005,1989.898,5874.0505,1303.509,122619.15,46678.595,115598.35,119412.55,112904.35,109469.85,122331.7,140301.15,131682.6,157158.35,117787,134169.8
"Ergosta-5,7,9(11),22-tetraen-3-ol, (3?,22E)-",3979.234,6063.281,23134.87,19607.275,7092.8115,16905.49,18529.665,17451.68,23255.85,25163.785,30311.695,12089.24,13430.165,9260.622,5504.257,31205.125,10544.265,5178.4795,8141.078,1905.7825,15014.56,22282.415,55796.485,60622.705,46988.905,51646.075,32236.74,36324.1,41285.395,28151.675,13248.185,75423.805,88377.53,99831.175,41628.745,25236.935,21131.845,25431.515,44542.605,32396.5,23257.1,33401.04,29737.605,12252.955,23930.45,2702.0525,3219.0815,114.61195,4371.3625,2442.9635,4021.3605,2879.4895,5278.1635,6845.761,4945.0725,5248.9605,7914.687,4920.4725
